id,part,split,primary,alternate,urgency,ambiguous,source,changed_from_draft
t_cwpygjj,test,test,Orthopedics,Start with a GP,routine,False,draft,
t_cx8oetz,test,skip,Skip,,,False,draft,
t_fcj3u61,test,test,Start with a GP,Neurology,routine,False,draft,
t_dmkgin2,test,test,Ob-Gyn,Start with a GP,routine,False,draft,
t_cl8m7xd,test,test,Urology,Start with a GP,routine,False,draft,
t_ebm78d8,test,test,Start with a GP,Cardiology,routine,False,draft,
t_daazroi,test,skip,Skip,,,False,draft,
t_doseomu,test,skip,Skip,,,False,draft,
t_chlnubg,test,test,Ob-Gyn,Start with a GP,routine,False,draft,
t_dbtbjvy,test,test,Neurology,Start with a GP,routine,False,draft,
t_drbm0r7,test,test,Cardiology,Start with a GP,routine,False,draft,
t_cuyvq64,test,test,Dermatology,Start with a GP,routine,False,draft,
t_facaxad,test,test,Start with a GP,Mental health,routine,True,draft,
t_dpxstzm,test,test,Start with a GP,Mental health,soon,False,draft,
t_cwqtfov,test,skip,Skip,,,False,draft,
t_j1iywhi,test,test,Start with a GP,,routine,False,draft,
t_cie8adb,test,test,Orthopedics,Start with a GP,routine,False,draft,
t_dn2yjti,test,test,Start with a GP,,soon,False,draft,
t_dakwrz9,test,test,Start with a GP,Mental health,routine,False,draft,
t_ebsz8fz,test,test,Neurology,ENT,soon,False,draft,
t_dbriohm,test,test,Neurology,Start with a GP,soon,False,draft,
t_eaisre4,test,test,Start with a GP,Neurology,soon,True,draft,
t_cuh0z5b,test,skip,Skip,,,False,draft,
t_cmyewdw,test,skip,Skip,,,False,draft,
t_cm1w2pc,test,skip,Skip,,,False,draft,
t_d9xlx3u,test,emergency,Emergency,,emergency,False,draft,
t_cy8px7h,test,test,Eye care,Mental health,routine,False,draft,
t_dn5yfwo,test,test,Mental health,Start with a GP,routine,False,draft,
t_fap3nil,test,skip,Skip,,,False,draft,
t_dbrcc45,test,skip,Skip,,,False,draft,
t_cjnw76h,test,test,ENT,Start with a GP,soon,False,draft,
t_clubwgo,test,test,Start with a GP,,routine,False,draft,
t_cjfjscr,test,skip,Skip,,,False,draft,
t_cwzr0tf,test,test,ENT,Start with a GP,soon,False,draft,
t_dafkix8,test,emergency,Emergency,Cardiology,emergency,True,draft,
t_horaq99,test,skip,Skip,,,False,draft,
t_j1mztc7,test,test,Gastroenterology,Start with a GP,routine,False,draft,
t_eamj6vl,test,test,Start with a GP,,routine,False,draft,
t_cwypo83,test,test,Start with a GP,Mental health,routine,False,draft,
t_dara6xy,test,skip,Skip,,,False,draft,
t_dn4x7gq,test,skip,Skip,,,False,draft,
t_ea908re,test,emergency,Emergency,,emergency,True,draft,
t_cy0g0eb,test,skip,Skip,,,False,draft,
t_ghjnh9t,test,test,Start with a GP,Urology,soon,False,draft,
t_j0a8hw9,test,test,Dermatology,Start with a GP,routine,False,draft,
t_ebklphs,test,test,ENT,Start with a GP,routine,False,draft,
t_fbffwrv,test,test,Gastroenterology,Start with a GP,routine,False,draft,
t_dqqoo5h,test,skip,Skip,,,False,draft,
t_fc1vkor,test,test,Orthopedics,Start with a GP,routine,False,draft,
t_fa9mv2j,test,test,Orthopedics,Start with a GP,soon,False,draft,
t_cxms3ir,test,test,Orthopedics,Start with a GP,soon,False,draft,
t_druaq0u,test,test,Cardiology,Start with a GP,soon,False,draft,
t_cx5z76l,test,test,Urology,Start with a GP,soon,False,draft,
t_doybtij,test,skip,Skip,,,False,draft,
t_cl7xcp6,test,test,ENT,Start with a GP,soon,False,draft,
t_dr5gqwt,test,skip,Skip,,,False,draft,
t_izekug8,test,test,Neurology,Start with a GP,soon,False,draft,
t_chqtsby,test,test,Start with a GP,Cardiology,soon,True,draft,
t_j1ify6t,test,skip,Skip,,,False,draft,
t_dqvrpyq,test,skip,Skip,,,False,draft,
t_cwkzli8,test,test,Start with a GP,Dentistry,routine,False,draft,
t_eagujk2,test,test,Start with a GP,Neurology,routine,False,draft,
t_dole9o7,test,test,Dermatology,Start with a GP,soon,False,draft,
t_clepiil,test,test,Gastroenterology,Start with a GP,soon,False,draft,
t_izkguks,test,skip,Skip,,,False,draft,
t_cfnbj4p,test,test,Start with a GP,Gastroenterology,soon,False,draft,
t_dr8bx2t,test,test,Start with a GP,Neurology,soon,True,draft,
t_ci4rm2x,test,test,Gastroenterology,Start with a GP,routine,False,draft,
t_cfi0nox,test,test,Start with a GP,,soon,False,draft,
t_dr1mh4q,test,test,Start with a GP,Urology,soon,False,draft,
t_hqmtelm,test,skip,Skip,,,False,draft,
t_cmaaqqp,test,skip,Skip,,,False,draft,
t_ebs1h5q,test,test,Dermatology,Start with a GP,routine,False,draft,
t_hog9gz5,test,skip,Skip,,,False,draft,
t_gh2shu8,test,skip,Skip,,,False,draft,
t_dbm66af,test,test,Start with a GP,Cardiology,soon,False,draft,
t_ckqqxso,test,skip,Skip,,,False,draft,
t_hpglvxp,test,test,Start with a GP,,soon,False,draft,
t_j2fwo5l,test,skip,Skip,,,False,draft,
t_ch9bada,test,test,ENT,Gastroenterology,routine,False,draft,
t_fbps8ho,test,emergency,Emergency,Neurology,emergency,True,draft,
t_fc5dcf7,test,emergency,Emergency,Mental health,emergency,True,draft,
t_da9m6y6,test,test,Gastroenterology,Start with a GP,routine,False,draft,
t_fbmhwh1,test,test,Start with a GP,Neurology,soon,False,draft,
t_cxiza58,test,test,Start with a GP,Dermatology,soon,False,draft,
t_db6nufi,test,test,Start with a GP,Dermatology,soon,False,draft,
t_dmwlpil,test,test,Orthopedics,Start with a GP,soon,False,draft,
t_do8qrn1,test,skip,Skip,,,False,draft,
t_cwbrwhm,test,skip,Skip,,,False,draft,
t_cx8zc5y,test,test,Gastroenterology,Start with a GP,routine,False,draft,
t_dnlo7fl,test,skip,Skip,,,False,draft,
t_cfzhll6,test,test,Start with a GP,Urology,soon,False,draft,
t_donzm74,test,skip,Skip,,,False,draft,
t_ck9fjkg,test,test,Gastroenterology,Start with a GP,soon,False,draft,
t_cvtxfmx,test,skip,Skip,,,False,draft,
t_ebacknb,test,emergency,Emergency,Orthopedics,emergency,True,draft,
t_ckgzcl4,test,test,ENT,,routine,False,draft,
t_hok6bqf,test,test,Neurology,Start with a GP,soon,False,draft,
t_da9re25,test,test,Start with a GP,Cardiology,routine,False,draft,
t_cxxavv5,test,test,Orthopedics,Start with a GP,routine,False,draft,
t_do3zulf,test,test,Ob-Gyn,Start with a GP,routine,False,draft,
t_hqgl6zj,test,test,Ob-Gyn,Start with a GP,soon,False,draft,
t_clc76s1,test,test,Start with a GP,Orthopedics,routine,False,draft,
t_cxg3bh3,test,skip,Skip,,,False,draft,
t_do0wskx,test,emergency,Emergency,Neurology,emergency,False,draft,
t_clq0tbb,test,test,Urology,Mental health,routine,False,draft,
t_cvv0bxf,test,skip,Skip,,,False,draft,
t_cx0eohe,test,test,Neurology,Start with a GP,routine,False,draft,
t_cgsykgs,test,skip,Skip,,,False,draft,
t_drhvp0h,test,test,Start with a GP,Urology,soon,False,draft,
t_dmll5h9,test,test,Ob-Gyn,,routine,False,draft,
t_cuidmlr,test,emergency,Emergency,Gastroenterology,emergency,True,draft,
t_eb1qcmc,test,test,Neurology,Start with a GP,routine,False,draft,
t_dmly42a,test,skip,Skip,,,False,draft,
t_do7uiig,test,test,Start with a GP,,routine,False,draft,
t_cmpk9vk,test,skip,Skip,,,False,draft,
t_ctqt58d,test,test,Neurology,Eye care,soon,False,draft,
t_dmsz1ib,test,test,Neurology,Start with a GP,soon,False,draft,
t_j04vj78,test,test,Urology,Start with a GP,soon,False,draft,
t_ebq0e1j,test,skip,Skip,,,False,draft,
t_cjlnf12,test,test,Orthopedics,Start with a GP,soon,False,draft,
t_ecxlau0,test,test,Neurology,Start with a GP,soon,False,draft,
t_ctrodtc,test,skip,Skip,,,False,draft,
t_ck31bww,test,skip,Skip,,,False,draft,
t_ebtt3fb,test,skip,Skip,,,False,draft,
t_e9nh161,test,skip,Skip,,,False,draft,
t_d9ylizi,test,test,ENT,Start with a GP,routine,False,draft,
t_ecxz507,test,test,Ob-Gyn,Start with a GP,routine,False,draft,
t_f9f0bzj,test,test,Start with a GP,Urology,soon,False,draft,
t_cwaia3h,test,test,ENT,Start with a GP,routine,False,draft,
t_db1p03z,test,test,Start with a GP,Gastroenterology,routine,False,draft,
t_dafw8xr,test,skip,Skip,,,False,draft,
t_cwdt2tz,test,test,Gastroenterology,Start with a GP,routine,False,draft,
t_ec6f6vi,test,test,Urology,Start with a GP,routine,False,draft,
t_e9d6f3m,test,test,Start with a GP,Gastroenterology,routine,True,draft,
t_ctmsswr,test,test,Dentistry,Start with a GP,routine,False,draft,
t_cvnq4mp,test,skip,Skip,,,False,draft,
t_ckli382,test,skip,Skip,,,False,draft,
t_cwv3z5p,test,skip,Skip,,,False,draft,
t_cu1v0hd,test,skip,Skip,,,False,draft,
t_clog1k5,test,emergency,Emergency,Gastroenterology,emergency,False,draft,
t_cy6ay61,test,test,Start with a GP,Mental health,routine,False,draft,
t_f9ypyas,test,test,Cardiology,Mental health,routine,False,draft,
t_ctpi4in,test,test,Start with a GP,Dentistry,routine,True,draft,
t_ecbfh7w,test,test,Cardiology,Neurology,soon,False,draft,
t_e9mchgm,test,test,Start with a GP,Mental health,routine,False,draft,
t_ggujw2c,test,test,Start with a GP,Neurology,routine,True,draft,
t_j0h08pc,test,test,Start with a GP,,soon,False,draft,
t_cv7cb7u,test,skip,Skip,,,False,draft,
t_ctyjzz4,test,skip,Skip,,,False,draft,
t_daq7owi,test,test,Neurology,ENT,routine,False,draft,
t_dnmpya9,test,test,Cardiology,Start with a GP,routine,False,draft,
t_ecn6s0h,test,test,Orthopedics,Start with a GP,routine,False,draft,
t_db0fuvc,test,test,Start with a GP,Ob-Gyn,routine,False,draft,
t_dph05kt,test,test,Start with a GP,Mental health,routine,True,draft,
t_cu0f2y1,test,emergency,Emergency,Mental health,emergency,True,draft,
t_dr24bg2,test,test,Gastroenterology,Start with a GP,routine,False,draft,
t_cm48io2,test,skip,Skip,,,False,draft,
t_fcbc5mn,test,skip,Skip,,,False,draft,
t_cvvcjgp,test,skip,Skip,,,False,draft,
t_eb32b87,test,test,Start with a GP,Mental health,routine,False,draft,
t_cvfmy5o,test,test,Start with a GP,Gastroenterology,soon,False,draft,
t_fbxk6hk,test,emergency,Emergency,Ob-Gyn,emergency,True,draft,
t_dqn8uyf,test,skip,Skip,,,False,draft,
t_cvwk4qn,test,skip,Skip,,,False,draft,
t_ghcd16j,test,test,Gastroenterology,Start with a GP,routine,False,draft,
t_dniedo8,test,test,Dermatology,Start with a GP,routine,False,draft,
t_cloed6x,test,skip,Skip,,,False,draft,
t_ebosf85,test,skip,Skip,,,False,draft,
t_cx59gcz,test,test,ENT,Gastroenterology,routine,False,draft,
t_ean0msh,test,test,Neurology,Mental health,soon,False,draft,
t_d9knxzy,test,test,Start with a GP,ENT,soon,False,draft,
t_howi28v,test,test,Start with a GP,,soon,False,draft,
t_ecpwluc,test,test,Gastroenterology,Start with a GP,soon,False,draft,
t_dne9u7h,test,test,Start with a GP,Mental health,soon,True,draft,
t_j1w2nmd,test,test,ENT,Dentistry,routine,False,draft,
t_cwmyabi,test,test,Start with a GP,,routine,False,draft,
t_ckdtlu3,test,skip,Skip,,,False,draft,
t_dncm7wj,test,test,Start with a GP,Neurology,soon,False,draft,
t_cmdmswk,test,skip,Skip,,,False,draft,
t_e9c3fif,test,skip,Skip,,,False,draft,
t_cflrjjg,test,emergency,Emergency,Neurology,emergency,True,draft,
t_cvx5vuf,test,skip,Skip,,,False,draft,
t_drkzk8c,test,test,Start with a GP,Gastroenterology,soon,False,draft,
t_cxflo3v,test,skip,Skip,,,False,draft,
t_dn14bzi,test,test,Neurology,Start with a GP,soon,False,draft,
t_clqlldf,test,emergency,Emergency,Gastroenterology,emergency,True,draft,
t_ggye5ts,test,test,Neurology,Start with a GP,soon,False,draft,
t_cjfun93,test,emergency,Emergency,Start with a GP,emergency,True,draft,
t_ctyv27k,test,skip,Skip,,,False,draft,
t_fbpnrkb,trainval,skip,Skip,,,False,draft,
t_cmkj2hq,trainval,skip,Skip,,,False,draft,
t_ctrb06c,trainval,train,Gastroenterology,Start with a GP,routine,False,draft,
t_cip31xn,trainval,dev,Gastroenterology,Start with a GP,soon,False,draft,
t_eafr6g4,trainval,train,Start with a GP,,routine,False,draft,
t_ckzqza2,trainval,skip,Skip,,,False,draft,
t_ebnz7bz,trainval,dev,Start with a GP,Neurology,routine,False,draft,
t_drz1ixk,trainval,train,Cardiology,Start with a GP,routine,False,draft,
t_cghgqjy,trainval,train,ENT,Start with a GP,soon,False,draft,
t_do3q6ve,trainval,train,Start with a GP,,routine,False,draft,
t_dqd4bpe,trainval,train,Neurology,Start with a GP,routine,False,draft,
t_ecvv9u8,trainval,train,Cardiology,,soon,False,draft,
t_f9i4lge,trainval,train,ENT,Neurology,routine,False,draft,
t_ecls7cc,trainval,train,Neurology,Start with a GP,routine,False,draft,
t_ghn48dw,trainval,train,Urology,Start with a GP,soon,False,draft,
t_dq4cjrt,trainval,skip,Skip,,,False,draft,
t_f9nkxsk,trainval,skip,Skip,,,False,draft,
t_cwwvr4n,trainval,train,ENT,Start with a GP,soon,False,draft,
t_cvblihz,trainval,skip,Skip,,,False,draft,
t_cktrrpb,trainval,train,Mental health,,routine,False,draft,
t_fbdm1j5,trainval,train,Start with a GP,Orthopedics,soon,True,draft,
t_cwbpbmg,trainval,train,Orthopedics,Start with a GP,soon,False,draft,
t_eauq34v,trainval,train,Orthopedics,,routine,False,draft,
t_hoioga4,trainval,emergency,Emergency,Gastroenterology,emergency,True,draft,
t_dmv3u1t,trainval,train,Start with a GP,Gastroenterology,routine,False,draft,
t_ec5oedz,trainval,train,Eye care,Neurology,routine,False,draft,
t_ebs5g21,trainval,train,Start with a GP,,routine,False,draft,
t_dmzn9mo,trainval,train,Start with a GP,Dentistry,soon,True,draft,
t_cxg3c9h,trainval,train,Mental health,Start with a GP,routine,False,draft,
t_dai4ybt,trainval,train,ENT,,routine,False,draft,
t_eb9cypd,trainval,train,Urology,,routine,False,draft,
t_cy33gkq,trainval,emergency,Emergency,Start with a GP,emergency,True,draft,
t_dbp9x2j,trainval,train,Orthopedics,Start with a GP,routine,False,draft,
t_cxpdo3t,trainval,emergency,Emergency,ENT,emergency,True,draft,
t_dbeag14,trainval,train,Eye care,,routine,False,draft,
t_chnd5po,trainval,train,Eye care,Neurology,routine,False,draft,
t_fc9iv21,trainval,train,Dentistry,ENT,routine,False,draft,
t_fca2mbd,trainval,skip,Skip,,,False,draft,
t_cli8j6g,trainval,train,Eye care,Start with a GP,soon,False,draft,
t_eaidgrt,trainval,train,Gastroenterology,Start with a GP,soon,False,draft,
t_cuicg6s,trainval,train,Orthopedics,Start with a GP,soon,False,draft,
t_ggug8ji,trainval,train,Mental health,,routine,False,draft,
t_cmqnm4o,trainval,dev,Start with a GP,Neurology,routine,False,draft,
t_cmt3zoo,trainval,skip,Skip,,,False,draft,
t_domy5yc,trainval,train,Dermatology,,routine,False,draft,
t_fagalu9,trainval,train,Mental health,Start with a GP,soon,False,draft,
t_cizdn8p,trainval,train,Cardiology,Start with a GP,routine,False,draft,
t_hp9aene,trainval,skip,Skip,,,False,draft,
t_fb38v3x,trainval,skip,Skip,,,False,draft,
t_cvsyruf,trainval,emergency,Emergency,Start with a GP,emergency,True,draft,
t_cm69eno,trainval,train,Start with a GP,ENT,routine,False,draft,
t_dbe35e0,trainval,train,Mental health,Start with a GP,routine,False,draft,
t_dozqpt5,trainval,train,Eye care,,routine,False,draft,
t_daujuvs,trainval,train,ENT,Start with a GP,soon,False,draft,
t_cvfnfpq,trainval,train,Neurology,Start with a GP,routine,False,draft,
t_f933i93,trainval,train,Dermatology,,routine,False,draft,
t_ecwgw93,trainval,train,ENT,Start with a GP,routine,False,draft,
t_fadg7y0,trainval,dev,Start with a GP,Dermatology,routine,False,draft,
t_dmr9zb7,trainval,train,Gastroenterology,Start with a GP,routine,False,draft,
t_d9g7it3,trainval,emergency,Emergency,,emergency,True,draft,
t_fana8oo,trainval,train,Cardiology,Start with a GP,soon,False,draft,
t_e9rx44w,trainval,train,Urology,Start with a GP,routine,False,draft,
t_eb8x2i2,trainval,train,Orthopedics,,soon,False,draft,
t_clmf1vv,trainval,train,Start with a GP,,routine,False,draft,
t_ci24kc1,trainval,train,Start with a GP,Cardiology,soon,True,draft,
t_cibleb1,trainval,train,ENT,,routine,False,draft,
t_dnu6xp4,trainval,train,Start with a GP,Cardiology,soon,True,draft,
t_cg5gli5,trainval,train,ENT,Dentistry,routine,False,draft,
t_cfgovqj,trainval,train,Start with a GP,Cardiology,routine,False,draft,
t_dmzclx0,trainval,dev,Gastroenterology,Start with a GP,soon,False,draft,
t_dbosmn9,trainval,train,Mental health,,routine,False,draft,
t_cuwefdb,trainval,dev,Urology,Dermatology,routine,False,draft,
t_dpdme5w,trainval,train,Urology,,routine,False,draft,
t_dqe3xl8,trainval,train,ENT,,soon,False,draft,
t_cju6tw6,trainval,train,Dermatology,Urology,routine,False,draft,
t_cwpk8d8,trainval,train,Orthopedics,Neurology,soon,False,draft,
t_j0kig9p,trainval,train,Urology,Start with a GP,soon,False,draft,
t_dbtf6yw,trainval,train,Gastroenterology,Start with a GP,soon,False,draft,
t_drdd8vo,trainval,train,Start with a GP,Cardiology,soon,False,draft,
t_daapgns,trainval,train,Dermatology,,routine,False,draft,
t_dqnf8sn,trainval,train,Ob-Gyn,Start with a GP,routine,False,draft,
t_cvbcldx,trainval,dev,Dermatology,Urology,soon,False,draft,
t_cven7t9,trainval,dev,ENT,Gastroenterology,routine,False,draft,
t_cv8y77r,trainval,skip,Skip,,,False,draft,
t_cmyvqn5,trainval,train,ENT,,soon,False,draft,
t_ghgupu0,trainval,train,Ob-Gyn,Start with a GP,soon,False,draft,
t_cjta6xh,trainval,skip,Skip,,,False,draft,
t_dp994q0,trainval,train,Ob-Gyn,,routine,False,draft,
t_e9ja5bc,trainval,train,ENT,,routine,False,draft,
t_j1qae75,trainval,emergency,Emergency,,emergency,True,draft,
t_d9p1fpl,trainval,train,Start with a GP,Gastroenterology,routine,False,draft,
t_cl1ux1e,trainval,train,Start with a GP,Ob-Gyn,routine,True,draft,
t_dp2mwwk,trainval,train,Gastroenterology,Dentistry,routine,False,draft,
t_chnjyag,trainval,skip,Skip,,,False,draft,
t_cvnbh2v,trainval,train,Ob-Gyn,,routine,False,draft,
t_cupi7d9,trainval,dev,Start with a GP,Gastroenterology,soon,False,draft,
t_chitiob,trainval,skip,Skip,,,False,draft,
t_cjkc3sw,trainval,train,Neurology,Start with a GP,routine,False,draft,
t_dqfy4s2,trainval,skip,Skip,,,False,draft,
t_cy3sa22,trainval,train,Orthopedics,,routine,False,draft,
t_cvat486,trainval,train,Neurology,,soon,False,draft,
t_dmxd8oi,trainval,train,Cardiology,Start with a GP,routine,False,draft,
t_dnuma29,trainval,train,Start with a GP,Cardiology,routine,True,draft,
t_cilwo2a,trainval,train,Ob-Gyn,Start with a GP,routine,False,draft,
t_dpz8ugl,trainval,skip,Skip,,,False,draft,
t_cx8m721,trainval,skip,Skip,,,False,draft,
t_doirnfo,trainval,train,Start with a GP,Mental health,routine,True,draft,
t_ecj2qnr,trainval,train,Gastroenterology,Dentistry,routine,False,draft,
t_cxejkk9,trainval,train,Start with a GP,,routine,False,draft,
t_cxt17e5,trainval,emergency,Emergency,,emergency,True,draft,
t_cwt6pc5,trainval,dev,Ob-Gyn,Start with a GP,routine,False,draft,
t_dpn89nk,trainval,train,Orthopedics,Start with a GP,soon,False,draft,
t_cwz8rvd,trainval,train,ENT,,routine,False,draft,
t_cm65btk,trainval,train,Orthopedics,Start with a GP,routine,False,draft,
t_dnh17m5,trainval,train,Ob-Gyn,,routine,False,draft,
t_fasc27j,trainval,train,Start with a GP,,soon,False,draft,
t_ebnzzrb,trainval,skip,Skip,,,False,draft,
t_cmi36uk,trainval,train,Ob-Gyn,Start with a GP,soon,False,draft,
t_cih3y0t,trainval,train,Cardiology,Start with a GP,routine,False,draft,
t_cj7ocwg,trainval,train,Neurology,,soon,False,draft,
t_cxs8pso,trainval,skip,Skip,,,False,draft,
t_izam2id,trainval,train,Mental health,Start with a GP,soon,False,draft,
t_cuggawx,trainval,skip,Skip,,,False,draft,
t_ci976l4,trainval,train,Gastroenterology,Start with a GP,soon,False,draft,
t_cyfzu5c,trainval,train,Dermatology,,routine,False,draft,
t_doyc691,trainval,train,Eye care,,soon,False,draft,
t_cxfw5b6,trainval,train,Gastroenterology,Start with a GP,soon,False,draft,
t_cld2mwj,trainval,train,Gastroenterology,Start with a GP,routine,False,draft,
t_cgg98ya,trainval,skip,Skip,,,False,draft,
t_cjr8omf,trainval,train,Mental health,,soon,False,draft,
t_fafi40g,trainval,train,Neurology,,soon,False,draft,
t_j0lb4iz,trainval,emergency,Emergency,,emergency,False,draft,
t_cm7glk7,trainval,train,Cardiology,Start with a GP,routine,False,draft,
t_ecxqeec,trainval,train,Start with a GP,Neurology,soon,True,draft,
t_daogays,trainval,train,Orthopedics,,routine,False,draft,
t_fa2k3lx,trainval,train,Orthopedics,,soon,False,draft,
t_cjk54v3,trainval,train,Gastroenterology,,soon,False,draft,
t_cg7chig,trainval,emergency,Emergency,,emergency,True,draft,
t_cmc6313,trainval,train,ENT,Dentistry,routine,False,draft,
t_dpj0489,trainval,dev,Gastroenterology,Start with a GP,soon,False,draft,
t_dau44f6,trainval,emergency,Emergency,,emergency,True,draft,
t_ck1b4lm,trainval,train,Orthopedics,Start with a GP,routine,False,draft,
t_cljkhpc,trainval,train,Ob-Gyn,,routine,False,draft,
t_d9zgf7e,trainval,skip,Skip,,,False,draft,
t_eamdjta,trainval,train,Gastroenterology,Start with a GP,routine,False,draft,
t_cxpl1vv,trainval,train,Urology,,soon,False,draft,
t_d9n48ie,trainval,skip,Skip,,,False,draft,
t_dq2rm6m,trainval,emergency,Emergency,,emergency,True,draft,
t_dnr2do3,trainval,train,ENT,,routine,False,draft,
t_cn1v6om,trainval,skip,Skip,,,False,draft,
t_cxuoomv,trainval,train,Mental health,,routine,False,draft,
t_cu0kke3,trainval,train,Eye care,Neurology,routine,False,draft,
t_cxwlrux,trainval,train,Ob-Gyn,,soon,False,draft,
t_d9glgg4,trainval,train,ENT,Start with a GP,soon,False,draft,
t_ecx378w,trainval,train,Orthopedics,,routine,False,draft,
t_cu1wf8o,trainval,train,Gastroenterology,Start with a GP,routine,False,draft,
t_e9xkftz,trainval,skip,Skip,,,False,draft,
t_fb8vach,trainval,train,Start with a GP,Orthopedics,routine,False,draft,
t_cibm0hl,trainval,dev,Cardiology,,soon,False,draft,
t_ea71znk,trainval,emergency,Emergency,,emergency,True,draft,
t_cu6xg09,trainval,skip,Skip,,,False,draft,
t_dnqdk6e,trainval,train,Start with a GP,Gastroenterology,routine,False,draft,
t_cxicoxk,trainval,dev,Orthopedics,,routine,False,draft,
t_ghmetph,trainval,dev,Gastroenterology,Start with a GP,soon,False,draft,
t_dotntao,trainval,train,Start with a GP,Neurology,routine,False,draft,
t_ch3zehr,trainval,dev,Neurology,,soon,False,draft,
t_fb8h5bi,trainval,train,Neurology,Eye care,soon,False,draft,
t_doa6jjb,trainval,train,Gastroenterology,Start with a GP,routine,False,draft,
t_f9ye1tm,trainval,dev,Ob-Gyn,,routine,False,draft,
t_dalmho9,trainval,train,Start with a GP,,routine,False,draft,
t_cik958o,trainval,train,Dermatology,,routine,False,draft,
t_fb26r34,trainval,skip,Skip,,,False,draft,
t_dn1hgul,trainval,emergency,Emergency,,emergency,True,draft,
t_cmdc3i3,trainval,train,Cardiology,Start with a GP,routine,False,draft,
t_cvelwb2,trainval,skip,Skip,,,False,draft,
t_fcae9cj,trainval,train,Start with a GP,,soon,False,draft,
t_cfgia5s,trainval,train,Dermatology,,soon,False,draft,
t_cwfzx8r,trainval,skip,Skip,,,False,draft,
t_cu1yjpt,trainval,train,Start with a GP,Gastroenterology,soon,False,draft,
t_fcna8cy,trainval,emergency,Emergency,Mental health,emergency,True,draft,
t_dq7erzm,trainval,skip,Skip,,,False,draft,
t_ec0ul8q,trainval,emergency,Emergency,Mental health,emergency,False,draft,
t_drwdqi4,trainval,train,Urology,Start with a GP,soon,False,draft,
t_cvel776,trainval,train,ENT,,routine,False,draft,
t_cu8e7cq,trainval,dev,Start with a GP,Orthopedics,routine,False,draft,
t_cljakf2,trainval,skip,Skip,,,False,draft,
t_dn4w5tj,trainval,dev,Ob-Gyn,Start with a GP,soon,False,draft,
t_dngtts9,trainval,train,Start with a GP,Gastroenterology,routine,False,draft,
t_dbatmfm,trainval,skip,Skip,,,False,draft,
t_eakc2of,trainval,train,Urology,Start with a GP,routine,False,draft,
t_darw6cb,trainval,skip,Skip,,,False,draft,
t_cwtwafb,trainval,train,Eye care,,routine,False,draft,
t_dojlmcm,trainval,train,Mental health,,soon,True,draft,
t_dp04jec,trainval,dev,Urology,Neurology,routine,False,draft,
t_cuzg28u,trainval,train,Start with a GP,Urology,soon,True,draft,
t_dptdq77,trainval,train,Mental health,Start with a GP,routine,False,draft,
t_dabu9fo,trainval,dev,Start with a GP,Gastroenterology,soon,False,draft,
t_cv5ewj3,trainval,train,Ob-Gyn,,routine,False,draft,
t_dmxrqk1,trainval,train,Gastroenterology,Start with a GP,soon,False,draft,
t_cxsczn8,trainval,train,Neurology,Start with a GP,soon,False,draft,
t_darg0wi,trainval,train,Neurology,Start with a GP,soon,False,draft,
t_cmb6fjd,trainval,skip,Skip,,,False,draft,
t_dq1rg9w,trainval,skip,Skip,,,False,draft,
t_dqjp51y,trainval,train,Start with a GP,Cardiology,routine,True,draft,
t_chmnii8,trainval,dev,Start with a GP,Urology,routine,False,draft,
t_fadrli3,trainval,skip,Skip,,,False,draft,
t_fc7q4jj,trainval,train,Urology,Start with a GP,routine,False,draft,
t_da12sfo,trainval,train,Neurology,Start with a GP,routine,False,draft,
t_ghegipd,trainval,train,Ob-Gyn,,routine,False,draft,
t_dpqkrr9,trainval,train,Dermatology,,routine,False,draft,
t_eaeeyfu,trainval,train,Start with a GP,ENT,routine,False,draft,
t_dq4uzzq,trainval,train,ENT,,soon,False,draft,
t_drnv2ds,trainval,emergency,Emergency,Mental health,emergency,False,draft,
t_cvtpjb2,trainval,train,Eye care,Start with a GP,routine,False,draft,
t_drmuyyq,trainval,train,ENT,Start with a GP,routine,False,draft,
t_ecevv9a,trainval,train,Urology,Start with a GP,soon,False,draft,
t_cxhfa61,trainval,train,Start with a GP,Urology,routine,False,draft,
t_e9zmd5b,trainval,train,Neurology,Start with a GP,routine,False,draft,
t_ebrrvci,trainval,dev,Ob-Gyn,Start with a GP,soon,False,draft,
t_clmmc2b,trainval,train,Gastroenterology,Start with a GP,routine,False,draft,
t_j1mb3mh,trainval,train,Start with a GP,Urology,soon,False,draft,
t_ec3lwlc,trainval,train,Ob-Gyn,,soon,False,draft,
t_dak8azx,trainval,train,ENT,,soon,False,draft,
t_dna6trg,trainval,train,Start with a GP,Cardiology,routine,True,draft,
t_cvv41zr,trainval,emergency,Emergency,Start with a GP,emergency,True,draft,
t_d9y0q9v,trainval,dev,Start with a GP,Dermatology,soon,False,draft,
t_cgskr2u,trainval,train,Start with a GP,Mental health,routine,True,draft,
t_cwofkx8,trainval,train,Ob-Gyn,,routine,False,draft,
t_cw001xw,trainval,train,Mental health,,soon,False,draft,
t_da3iup6,trainval,train,Dermatology,,routine,False,draft,
t_fbsy8ga,trainval,dev,Gastroenterology,Start with a GP,routine,False,draft,
t_cmdjygx,trainval,train,Urology,Start with a GP,routine,False,draft,
t_j22np8o,trainval,skip,Skip,,,False,draft,
t_dnxe08d,trainval,train,Start with a GP,,soon,False,draft,
t_ecbxpw2,trainval,dev,Dentistry,Start with a GP,routine,False,draft,
t_ctmqegq,trainval,train,Dentistry,ENT,routine,False,draft,
t_j0v038r,trainval,skip,Skip,,,False,draft,
t_dbt7rya,trainval,skip,Skip,,,False,draft,
t_fbm3sps,trainval,train,Dermatology,,routine,False,draft,
t_ctppls0,trainval,skip,Skip,,,False,draft,
t_j28cot7,trainval,train,Dermatology,,routine,False,draft,
t_chlh4k2,trainval,train,Mental health,Dentistry,routine,False,draft,
t_e9nco5b,trainval,train,ENT,Start with a GP,soon,False,draft,
t_ci8e330,trainval,dev,Urology,,routine,False,draft,
t_cjuuqy6,trainval,train,Start with a GP,,soon,False,draft,
t_dba1k64,trainval,train,Start with a GP,ENT,routine,True,draft,
t_cmgoqha,trainval,train,Orthopedics,,soon,False,draft,
t_cjf0bhq,trainval,train,Urology,,routine,False,draft,
t_cwcs4wr,trainval,train,Start with a GP,Dermatology,routine,True,draft,
t_dprqct3,trainval,train,Orthopedics,Mental health,routine,False,draft,
t_eadkd8p,trainval,skip,Skip,,,False,draft,
t_dalat30,trainval,skip,Skip,,,False,draft,
t_fbaxls0,trainval,skip,Skip,,,False,draft,
t_ec57cb2,trainval,emergency,Emergency,Orthopedics,emergency,True,draft,
t_ckhzblu,trainval,skip,Skip,,,False,draft,
t_dqdyedv,trainval,train,Neurology,Start with a GP,soon,False,draft,
t_ck9p18i,trainval,emergency,Emergency,Neurology,emergency,True,draft,
t_dq8xwlq,trainval,skip,Skip,,,False,draft,
t_fchoy7h,trainval,train,Ob-Gyn,,routine,False,draft,
t_d9ztsgt,trainval,skip,Skip,,,False,draft,
t_eb5yeiz,trainval,skip,Skip,,,False,draft,
t_da7hgxw,trainval,train,Start with a GP,Dermatology,routine,False,draft,
t_ckoplq5,trainval,train,Start with a GP,ENT,routine,False,draft,
t_dbj05fs,trainval,train,Eye care,,routine,False,draft,
t_fb19ani,trainval,skip,Skip,,,False,draft,
t_cwjf3ad,trainval,train,Eye care,,soon,False,draft,
t_ch8xd72,trainval,train,Neurology,Start with a GP,routine,False,draft,
t_dpkkido,trainval,emergency,Emergency,Start with a GP,emergency,True,draft,
t_eb9fkii,trainval,train,Dentistry,,routine,False,draft,
t_izhnxlm,trainval,train,Dermatology,,routine,False,draft,
t_f9c3nfd,trainval,train,Mental health,Cardiology,routine,False,draft,
t_cw8mk5u,trainval,train,Urology,,routine,False,draft,
t_j1cc0tt,trainval,skip,Skip,,,False,draft,
t_iz4r6de,trainval,skip,Skip,,,False,draft,
t_j0o761g,trainval,skip,Skip,,,False,draft,
t_fc9jrhw,trainval,dev,Neurology,Start with a GP,soon,False,draft,
t_cic1013,trainval,dev,Start with a GP,Orthopedics,routine,False,draft,
t_ecf5r6c,trainval,train,Cardiology,Start with a GP,routine,False,draft,
t_ckogswa,trainval,train,Eye care,,routine,False,draft,
t_cfgddj1,trainval,emergency,Emergency,Start with a GP,emergency,True,draft,
t_dov8gyp,trainval,train,Start with a GP,Gastroenterology,routine,True,draft,
t_dmqo48p,trainval,train,Start with a GP,ENT,routine,True,draft,
t_clv2sl2,trainval,train,Dentistry,,routine,False,draft,
t_cgk7qgg,trainval,train,ENT,,routine,False,draft,
t_gh3ck00,trainval,dev,Mental health,Neurology,soon,False,draft,
t_dpyqg67,trainval,train,ENT,,routine,False,draft,
t_fbido8i,trainval,train,Gastroenterology,Start with a GP,routine,False,draft,
t_drnrjsr,trainval,train,ENT,Start with a GP,soon,False,draft,
t_dp23efg,trainval,train,Start with a GP,Gastroenterology,soon,True,draft,
t_clywtvd,trainval,train,Urology,Start with a GP,soon,False,draft,
t_ctyeglc,trainval,train,Dermatology,,routine,False,draft,
t_ciku20p,trainval,train,Eye care,Neurology,routine,True,draft,
t_dnturjd,trainval,train,Neurology,Start with a GP,soon,False,draft,
t_f9iuubf,trainval,emergency,Emergency,Start with a GP,emergency,True,draft,
t_e9sm2v0,trainval,train,Cardiology,Start with a GP,soon,False,draft,
t_f9hs7i9,trainval,train,Ob-Gyn,,routine,False,draft,
t_cvs3vkg,trainval,train,Orthopedics,,soon,False,draft,
t_ch8ycoj,trainval,train,Ob-Gyn,,routine,False,draft,
t_ctyjxtm,trainval,train,Eye care,Neurology,routine,False,draft,
t_cuqgaz2,trainval,train,Cardiology,,routine,False,draft,
t_dp2owh6,trainval,train,Mental health,,soon,False,draft,
t_cwzdrj0,trainval,train,Start with a GP,ENT,soon,False,draft,
t_chw12aq,trainval,train,Mental health,Cardiology,routine,False,draft,
t_dpunpus,trainval,train,ENT,Start with a GP,routine,False,draft,
t_dovx60u,trainval,train,Dermatology,Start with a GP,routine,False,draft,
t_cw0kqs0,trainval,train,Dermatology,,routine,False,draft,
t_iz8rejr,trainval,train,Start with a GP,Neurology,soon,True,draft,
t_darhd6a,trainval,train,Cardiology,,routine,False,draft,
t_daeiq24,trainval,train,Gastroenterology,Start with a GP,routine,False,draft,
t_cfwwha9,trainval,emergency,Emergency,Gastroenterology,emergency,True,draft,
t_drxfblz,trainval,dev,Gastroenterology,Dermatology,routine,False,draft,
t_fa9hbez,trainval,skip,Skip,,,False,draft,
t_ebc7bci,trainval,dev,ENT,Start with a GP,routine,False,draft,
t_d9ui3g3,trainval,train,Ob-Gyn,,soon,False,draft,
t_ecke78y,trainval,train,Mental health,Neurology,soon,False,draft,
t_dnbyh2b,trainval,skip,Skip,,,False,draft,
t_dbn6sjg,trainval,skip,Skip,,,False,draft,
t_dbd6zac,trainval,train,Start with a GP,Cardiology,soon,False,draft,
t_dr37eqr,trainval,train,Eye care,,routine,False,draft,
t_dqhpf04,trainval,train,Neurology,Eye care,soon,True,draft,
t_dr43pzx,trainval,dev,Cardiology,Start with a GP,soon,False,draft,
t_drdgqmx,trainval,train,Start with a GP,Cardiology,routine,True,draft,
t_fcgdzix,trainval,emergency,Emergency,Cardiology,emergency,True,draft,
t_dqc64zy,trainval,train,Eye care,,routine,False,draft,
t_cff2mfa,trainval,skip,Skip,,,False,draft,
t_dbl3mtb,trainval,train,Gastroenterology,,soon,False,draft,
t_do5k2ft,trainval,train,Dermatology,,routine,False,draft,
t_fbsz7nw,trainval,emergency,Emergency,,emergency,False,draft,
t_drp1egm,trainval,train,Urology,,routine,False,draft,
t_fbabvqa,trainval,emergency,Emergency,,emergency,False,draft,
t_dbopogi,trainval,train,Gastroenterology,Start with a GP,soon,False,draft,
t_dn8fsul,trainval,skip,Skip,,,False,draft,
t_dom51jv,trainval,emergency,Emergency,Cardiology,emergency,True,draft,
t_fbi5r98,trainval,skip,Skip,,,False,draft,
t_dbqtipf,trainval,train,Dermatology,,routine,False,draft,
t_ec3tx3d,trainval,train,Mental health,,routine,False,draft,
t_dr0l3sn,trainval,skip,Skip,,,False,draft,
t_hqcbpma,trainval,dev,Start with a GP,,soon,False,draft,
t_dpzbahf,trainval,skip,Skip,,,False,draft,
t_cu1uc68,trainval,train,ENT,Start with a GP,routine,False,draft,
t_cko5x9g,trainval,train,Eye care,,routine,False,draft,
t_j08e7hs,trainval,emergency,Emergency,,emergency,False,draft,
t_cvnxrjo,trainval,train,Start with a GP,ENT,routine,True,draft,
t_dnsa9ut,trainval,train,Start with a GP,,routine,False,draft,
t_dqonl3e,trainval,train,Start with a GP,,routine,False,draft,
t_dad7bj2,trainval,train,Urology,Mental health,routine,False,draft,
t_cwlhlgu,trainval,train,Orthopedics,,soon,False,draft,
t_cnabgup,trainval,train,Start with a GP,Neurology,soon,True,draft,
t_dp95bg5,trainval,train,Start with a GP,Orthopedics,soon,True,draft,
t_dqc75nr,trainval,train,Start with a GP,Cardiology,soon,False,draft,
t_ci0tm4x,trainval,train,Dermatology,,routine,False,draft,
t_e9eulyf,trainval,train,ENT,,routine,False,draft,
t_cmjmj1o,trainval,train,Orthopedics,,routine,False,draft,
t_cw75au5,trainval,train,Ob-Gyn,Start with a GP,routine,False,draft,
t_cjkwef4,trainval,train,ENT,Start with a GP,routine,False,draft,
t_ctlrt5s,trainval,train,Neurology,Start with a GP,soon,True,draft,
t_cv2ndbz,trainval,train,Dermatology,,routine,False,draft,
t_cxazlbq,trainval,emergency,Emergency,Start with a GP,emergency,True,draft,
t_dayf6py,trainval,train,Neurology,Start with a GP,routine,False,draft,
t_izdfjvv,trainval,train,Start with a GP,,soon,False,draft,
t_cwcjt66,trainval,train,Start with a GP,Urology,routine,False,draft,
t_hp8zxe2,trainval,emergency,Emergency,Start with a GP,emergency,True,draft,
t_dn3q849,trainval,emergency,Emergency,Start with a GP,emergency,True,draft,
t_eapbscq,trainval,train,Neurology,Mental health,soon,False,draft,
t_f9ezuj7,trainval,train,Gastroenterology,Start with a GP,soon,False,draft,
t_dpdyvoo,trainval,train,ENT,,soon,False,draft,
t_ckd4j8m,trainval,train,Start with a GP,Dermatology,routine,False,draft,
t_dqh5q7g,trainval,dev,Ob-Gyn,,soon,False,draft,
t_chctfrx,trainval,train,ENT,,routine,False,draft,
t_cu3pd4q,trainval,dev,Orthopedics,Start with a GP,routine,False,draft,
t_d9vjacf,trainval,skip,Skip,,,False,draft,
t_j20r1b2,trainval,skip,Skip,,,False,draft,
t_cmxhubc,trainval,train,Eye care,,routine,False,draft,
t_cw0isbc,trainval,train,Cardiology,Start with a GP,soon,False,draft,
t_dpzmscv,trainval,train,Start with a GP,,soon,False,draft,
t_d9lbfcv,trainval,train,ENT,Start with a GP,routine,False,draft,
t_fbewrh2,trainval,train,Eye care,Neurology,soon,False,draft,
t_ec31oro,trainval,skip,Skip,,,False,draft,
t_ck4qisu,trainval,dev,Start with a GP,Dermatology,soon,True,draft,
t_cix5xfh,trainval,train,Eye care,,soon,False,draft,
t_cuutr9w,trainval,train,Urology,Mental health,routine,False,draft,
t_dan1w4r,trainval,train,Start with a GP,Cardiology,routine,False,draft,
t_dnr5ozz,trainval,emergency,Emergency,Neurology,emergency,True,draft,
t_cwqydze,trainval,skip,Skip,,,False,draft,
t_cu4vf3i,trainval,train,Ob-Gyn,,routine,False,draft,
t_drtluz3,trainval,train,Gastroenterology,Start with a GP,routine,False,draft,
t_ch22hhm,trainval,dev,Orthopedics,,soon,False,draft,
t_ckxqewf,trainval,dev,Start with a GP,Gastroenterology,routine,False,draft,
t_cllceq1,trainval,skip,Skip,,,False,draft,
t_e9jgf8q,trainval,train,Mental health,,routine,False,draft,
t_cu382rb,trainval,dev,Start with a GP,Dermatology,routine,False,draft,
t_cmj04pc,trainval,train,Start with a GP,,routine,False,draft,
t_dr365fo,trainval,train,Eye care,Neurology,routine,False,draft,
t_fauq1p9,trainval,train,Gastroenterology,Start with a GP,soon,False,draft,
t_cn28c7p,trainval,train,Neurology,Start with a GP,routine,False,draft,
t_cuacgpy,trainval,train,Orthopedics,,routine,False,draft,
t_cmcdrww,trainval,skip,Skip,,,False,draft,
t_cmit34w,trainval,train,Ob-Gyn,,soon,False,draft,
t_cidgayt,trainval,train,Mental health,,routine,False,draft,
t_j22nfdx,trainval,train,Start with a GP,Cardiology,routine,False,draft,
t_cv37wnv,trainval,train,Eye care,,routine,False,draft,
t_dr0geux,trainval,dev,Start with a GP,,routine,False,draft,
t_eaign08,trainval,train,Neurology,Mental health,soon,False,draft,
t_cutdv5l,trainval,dev,Start with a GP,Orthopedics,routine,False,draft,
t_fbxrs3c,trainval,dev,Start with a GP,,soon,False,draft,
t_cmpucx8,trainval,train,Dermatology,,routine,False,draft,
t_dq3sfe5,trainval,train,Start with a GP,Gastroenterology,soon,False,draft,
t_eb9jgbt,trainval,train,Gastroenterology,Start with a GP,soon,False,draft,
t_cuu0tcn,trainval,train,Start with a GP,Neurology,routine,False,draft,
t_cmjmrsz,trainval,train,Ob-Gyn,,routine,False,draft,
t_d9g157t,trainval,dev,Start with a GP,,routine,False,draft,
t_cks34x3,trainval,train,ENT,,routine,False,draft,
t_cvfr1ty,trainval,train,Dermatology,Start with a GP,routine,False,draft,
t_ggw03fc,trainval,train,ENT,,soon,False,draft,
t_doratfl,trainval,dev,Start with a GP,,routine,False,draft,
t_chjz4qo,trainval,train,ENT,Start with a GP,routine,False,draft,
t_ecwdr32,trainval,skip,Skip,,,False,draft,
t_ctpb2mo,trainval,train,Orthopedics,,routine,False,draft,
t_dbpv43b,trainval,train,Start with a GP,,soon,False,draft,
t_cmmy0b3,trainval,train,Dermatology,,routine,False,draft,
t_fatz4st,trainval,train,Start with a GP,Dentistry,soon,True,draft,
t_dqch28f,trainval,train,ENT,,routine,False,draft,
t_dongsb3,trainval,train,Orthopedics,,soon,False,draft,
t_dnjdevz,trainval,train,Start with a GP,Gastroenterology,routine,False,draft,
t_cfmd943,trainval,skip,Skip,,,False,draft,
t_cybbjzl,trainval,train,Neurology,Start with a GP,routine,False,draft,
t_datfm18,trainval,train,Start with a GP,Eye care,soon,False,draft,
t_ghjn24h,trainval,train,Start with a GP,Mental health,soon,False,draft,
t_drg6n2w,trainval,skip,Skip,,,False,draft,
t_db2fzwt,trainval,emergency,Emergency,Eye care,emergency,True,draft,
t_cgo9cpu,trainval,train,Dermatology,Start with a GP,routine,False,draft,
t_e9ya7v2,trainval,train,Start with a GP,ENT,soon,False,draft,
t_dqcs5yu,trainval,train,Eye care,,soon,False,draft,
t_e9grscj,trainval,skip,Skip,,,False,draft,
t_cgccfzw,trainval,train,Dentistry,Start with a GP,routine,False,draft,
t_dr2sfoo,trainval,train,Gastroenterology,Start with a GP,soon,False,draft,
t_do61r53,trainval,emergency,Emergency,Cardiology,emergency,True,draft,
t_ci7771k,trainval,train,ENT,Start with a GP,routine,False,draft,
t_dp5rek8,trainval,train,ENT,,routine,False,draft,
t_eaziswp,trainval,train,Orthopedics,,routine,False,draft,
t_chys5jc,trainval,train,Start with a GP,,routine,False,draft,
t_ecm8eh7,trainval,train,Ob-Gyn,Start with a GP,soon,False,draft,
t_cxy9y12,trainval,train,Orthopedics,,routine,False,draft,
t_cumpffq,trainval,emergency,Emergency,Start with a GP,emergency,True,draft,
t_ggvoonw,trainval,train,ENT,Cardiology,routine,False,draft,
t_dblh36n,trainval,train,Start with a GP,Gastroenterology,soon,False,draft,
t_ci563p9,trainval,train,Start with a GP,ENT,routine,False,draft,
t_eamlac4,trainval,skip,Skip,,,False,draft,
t_dbgfs9e,trainval,skip,Skip,,,False,draft,
t_ebhb7we,trainval,skip,Skip,,,False,draft,
t_cwxjatg,trainval,train,Neurology,Start with a GP,routine,False,draft,
t_ec8ckas,trainval,dev,Start with a GP,Gastroenterology,routine,False,draft,
t_ck5flqq,trainval,train,Start with a GP,Orthopedics,routine,False,draft,
t_dq03plv,trainval,dev,Start with a GP,Dermatology,soon,False,draft,
t_eawolhv,trainval,skip,Skip,,,False,draft,
t_cgrbmey,trainval,train,Eye care,Start with a GP,routine,False,draft,
t_cuc112e,trainval,train,Eye care,,routine,False,draft,
t_cmdgr09,trainval,train,Neurology,Mental health,soon,False,draft,
t_dn87us7,trainval,train,Gastroenterology,Start with a GP,routine,False,draft,
t_dq3udb3,trainval,skip,Skip,,,False,draft,
t_cwrxu2n,trainval,train,Eye care,Neurology,routine,False,draft,
t_ea6it35,trainval,train,Gastroenterology,Start with a GP,soon,False,draft,
t_j10n1wy,trainval,train,Ob-Gyn,Start with a GP,soon,False,draft,
t_ckf44s5,trainval,skip,Skip,,,False,draft,
t_cu3gozj,trainval,train,ENT,Start with a GP,soon,False,draft,
t_cmasfxf,trainval,train,Orthopedics,,soon,False,draft,
t_cw9lop5,trainval,train,Start with a GP,Urology,routine,True,draft,
t_dmvs8ub,trainval,train,Urology,,routine,False,draft,
t_dpcdkqf,trainval,train,Start with a GP,Ob-Gyn,soon,False,draft,
t_cv0jtlq,trainval,train,Urology,Start with a GP,routine,False,draft,
t_dqnlj7f,trainval,skip,Skip,,,False,draft,
t_dbhrhvc,trainval,skip,Skip,,,False,draft,
t_dabnsdt,trainval,train,Ob-Gyn,Start with a GP,soon,False,draft,
t_cwd803t,trainval,skip,Skip,,,False,draft,
t_donh9jk,trainval,skip,Skip,,,False,draft,
t_eajfp0f,trainval,train,Gastroenterology,,routine,False,draft,
t_dpslurm,trainval,train,Dentistry,,soon,False,draft,
t_dr2hbi1,trainval,train,Start with a GP,Orthopedics,routine,True,draft,
t_dppwwg7,trainval,train,ENT,,soon,False,draft,
t_db3ogu9,trainval,train,Dermatology,Urology,routine,False,draft,
t_hpxqcb5,trainval,train,Start with a GP,,routine,False,draft,
t_db63ddm,trainval,train,Dermatology,Start with a GP,routine,False,draft,
t_ebuha52,trainval,train,Start with a GP,Dermatology,soon,True,draft,
t_cttl1to,trainval,train,Ob-Gyn,Start with a GP,soon,False,draft,
t_cv4pl85,trainval,train,Ob-Gyn,,routine,False,draft,
t_chr4k1r,trainval,train,Neurology,Start with a GP,routine,False,draft,
t_cmbq3qe,trainval,train,Start with a GP,,soon,False,draft,
t_ea4z4pq,trainval,train,Urology,Start with a GP,soon,False,draft,
t_cwumkve,trainval,train,Urology,,routine,False,draft,
t_chewbh2,trainval,train,Orthopedics,,soon,False,draft,
t_eacdvih,trainval,train,Start with a GP,Orthopedics,routine,False,draft,
t_cmmdus0,trainval,train,Gastroenterology,Start with a GP,routine,False,draft,
t_dq511va,trainval,emergency,Emergency,Cardiology,emergency,False,draft,
t_drmsl5a,trainval,skip,Skip,,,False,draft,
t_dotdjcu,trainval,train,Urology,Start with a GP,routine,False,draft,
t_da2qqn9,trainval,train,Neurology,Start with a GP,soon,False,draft,
t_ci8d6wa,trainval,train,Gastroenterology,Start with a GP,routine,False,draft,
t_fb0jfb4,trainval,train,Start with a GP,Cardiology,routine,False,draft,
t_drnl7gk,trainval,train,Start with a GP,,routine,False,draft,
t_cn50r6y,trainval,train,Eye care,,routine,False,draft,
t_dq786yq,trainval,emergency,Emergency,Cardiology,emergency,True,draft,
t_cwdcvc9,trainval,train,Start with a GP,,soon,False,draft,
t_cvcqqt0,trainval,train,Orthopedics,,routine,False,draft,
t_cx1roe2,trainval,dev,Ob-Gyn,Dermatology,routine,False,draft,
t_fcjsd4l,trainval,train,Start with a GP,,routine,False,draft,
t_chjhibc,trainval,train,Eye care,,soon,False,draft,
t_ctzanj2,trainval,train,Start with a GP,Dentistry,routine,False,draft,
t_chcjie4,trainval,skip,Skip,,,False,draft,
t_ciru7lw,trainval,train,Cardiology,Start with a GP,routine,False,draft,
t_fcma6po,trainval,skip,Skip,,,False,draft,
t_ecyg76l,trainval,dev,Start with a GP,Dermatology,routine,False,draft,
t_chm9xa3,trainval,dev,Mental health,Start with a GP,soon,False,draft,
t_cx9za6q,trainval,skip,Skip,,,False,draft,
t_dauigwr,trainval,train,Neurology,ENT,routine,False,draft,
t_cuusqie,trainval,skip,Skip,,,False,draft,
t_ctoihyf,trainval,skip,Skip,,,False,draft,
t_eax4yi6,trainval,train,ENT,,routine,False,draft,
t_j1q55bb,trainval,skip,Skip,,,False,draft,
t_fcjcpkf,trainval,train,Orthopedics,,routine,False,draft,
t_d9vhn2s,trainval,emergency,Emergency,Neurology,emergency,True,draft,
t_drpv07o,trainval,skip,Skip,,,False,draft,
t_cfmey42,trainval,train,ENT,Start with a GP,routine,False,draft,
t_ctt4r7n,trainval,train,Dermatology,,routine,False,draft,
t_fc2inor,trainval,skip,Skip,,,False,draft,
t_cm1c9lh,trainval,train,Neurology,,routine,False,draft,
t_eanr9m8,trainval,train,Neurology,Start with a GP,routine,False,draft,
t_ea0suha,trainval,train,Dentistry,Start with a GP,routine,False,draft,
t_dbaw93c,trainval,skip,Skip,,,False,draft,
t_eahcn7k,trainval,emergency,Emergency,Start with a GP,emergency,True,draft,
t_f93cexy,trainval,train,ENT,Start with a GP,soon,False,draft,
t_cm3iol3,trainval,skip,Skip,,,False,draft,
t_dpyaovl,trainval,train,Start with a GP,,routine,False,draft,
t_cuvipjp,trainval,emergency,Emergency,Start with a GP,emergency,True,draft,
t_cwjo5o9,trainval,train,Eye care,,routine,False,draft,
t_daq7792,trainval,skip,Skip,,,False,draft,
t_cxbqyej,trainval,train,Start with a GP,ENT,routine,False,draft,
t_dr2n8uc,trainval,train,Dermatology,,routine,False,draft,
t_dragd8n,trainval,dev,Start with a GP,Mental health,routine,False,draft,
t_cwy8z9u,trainval,train,Start with a GP,Neurology,routine,False,draft,
t_ecbolsd,trainval,train,Start with a GP,Orthopedics,soon,True,draft,
t_j0at2di,trainval,train,Start with a GP,ENT,soon,False,draft,
t_fa128zs,trainval,train,Ob-Gyn,Start with a GP,soon,False,draft,
t_ec4px5n,trainval,skip,Skip,,,False,draft,
t_cwlvz1n,trainval,train,Dermatology,Urology,routine,False,draft,
