id,part,annotators,draw
t_cwpygjj,test,sohum+akshara,random
t_cx8oetz,test,sohum+akshara,random
t_fcj3u61,test,sohum+akshara,random
t_dmkgin2,test,sohum+akshara,random
t_cl8m7xd,test,sohum+akshara,random
t_ebm78d8,test,sohum+akshara,random
t_daazroi,test,sohum+akshara,random
t_doseomu,test,sohum+akshara,random
t_chlnubg,test,sohum+akshara,random
t_dbtbjvy,test,sohum+akshara,random
t_drbm0r7,test,sohum+akshara,random
t_cuyvq64,test,sohum+akshara,random
t_facaxad,test,sohum+akshara,random
t_dpxstzm,test,sohum+akshara,random
t_cwqtfov,test,sohum+akshara,random
t_j1iywhi,test,sohum+akshara,random
t_cie8adb,test,sohum+akshara,random
t_dn2yjti,test,sohum+akshara,random
t_dakwrz9,test,sohum+akshara,random
t_ebsz8fz,test,sohum+akshara,random
t_dbriohm,test,sohum+akshara,random
t_eaisre4,test,sohum+akshara,random
t_cuh0z5b,test,sohum+akshara,random
t_cmyewdw,test,sohum+akshara,random
t_cm1w2pc,test,sohum+akshara,random
t_d9xlx3u,test,sohum+akshara,random
t_cy8px7h,test,sohum+akshara,random
t_dn5yfwo,test,sohum+akshara,random
t_fap3nil,test,sohum+akshara,random
t_dbrcc45,test,sohum+akshara,random
t_cjnw76h,test,sohum+akshara,random
t_clubwgo,test,sohum+akshara,random
t_cjfjscr,test,sohum+akshara,random
t_cwzr0tf,test,sohum+akshara,random
t_dafkix8,test,sohum+akshara,random
t_horaq99,test,sohum+akshara,random
t_j1mztc7,test,sohum+akshara,random
t_eamj6vl,test,sohum+akshara,random
t_cwypo83,test,sohum+akshara,random
t_dara6xy,test,sohum+akshara,random
t_dn4x7gq,test,sohum+akshara,random
t_ea908re,test,sohum+akshara,random
t_cy0g0eb,test,sohum+akshara,random
t_ghjnh9t,test,sohum+akshara,random
t_j0a8hw9,test,sohum+akshara,random
t_ebklphs,test,sohum+akshara,random
t_fbffwrv,test,sohum+akshara,random
t_dqqoo5h,test,sohum+akshara,random
t_fc1vkor,test,sohum+akshara,random
t_fa9mv2j,test,sohum+akshara,random
t_cxms3ir,test,sohum+akshara,random
t_druaq0u,test,sohum+akshara,random
t_cx5z76l,test,sohum+akshara,random
t_doybtij,test,sohum+akshara,random
t_cl7xcp6,test,sohum+akshara,random
t_dr5gqwt,test,sohum+akshara,random
t_izekug8,test,sohum+akshara,random
t_chqtsby,test,sohum+akshara,random
t_j1ify6t,test,sohum+akshara,random
t_dqvrpyq,test,sohum+akshara,random
t_cwkzli8,test,sohum,random
t_eagujk2,test,akshara,random
t_dole9o7,test,sohum,random
t_clepiil,test,akshara,random
t_izkguks,test,sohum,random
t_cfnbj4p,test,akshara,random
t_dr8bx2t,test,sohum,random
t_ci4rm2x,test,akshara,random
t_cfi0nox,test,sohum,random
t_dr1mh4q,test,akshara,random
t_hqmtelm,test,sohum,random
t_cmaaqqp,test,akshara,random
t_ebs1h5q,test,sohum,random
t_hog9gz5,test,akshara,random
t_gh2shu8,test,sohum,random
t_dbm66af,test,akshara,random
t_ckqqxso,test,sohum,random
t_hpglvxp,test,akshara,random
t_j2fwo5l,test,sohum,random
t_ch9bada,test,akshara,random
t_fbps8ho,test,sohum,random
t_fc5dcf7,test,akshara,random
t_da9m6y6,test,sohum,random
t_fbmhwh1,test,akshara,random
t_cxiza58,test,sohum,random
t_db6nufi,test,akshara,random
t_dmwlpil,test,sohum,random
t_do8qrn1,test,akshara,random
t_cwbrwhm,test,sohum,random
t_cx8zc5y,test,akshara,random
t_dnlo7fl,test,sohum,random
t_cfzhll6,test,akshara,random
t_donzm74,test,sohum,random
t_ck9fjkg,test,akshara,random
t_cvtxfmx,test,sohum,random
t_ebacknb,test,akshara,random
t_ckgzcl4,test,sohum,random
t_hok6bqf,test,akshara,random
t_da9re25,test,sohum,random
t_cxxavv5,test,akshara,random
t_do3zulf,test,sohum,random
t_hqgl6zj,test,akshara,random
t_clc76s1,test,sohum,random
t_cxg3bh3,test,akshara,random
t_do0wskx,test,sohum,random
t_clq0tbb,test,akshara,random
t_cvv0bxf,test,sohum,random
t_cx0eohe,test,akshara,random
t_cgsykgs,test,sohum,random
t_drhvp0h,test,akshara,random
t_dmll5h9,test,sohum,random
t_cuidmlr,test,akshara,random
t_eb1qcmc,test,sohum,random
t_dmly42a,test,akshara,random
t_do7uiig,test,sohum,random
t_cmpk9vk,test,akshara,random
t_ctqt58d,test,sohum,random
t_dmsz1ib,test,akshara,random
t_j04vj78,test,sohum,random
t_ebq0e1j,test,akshara,random
t_cjlnf12,test,sohum,random
t_ecxlau0,test,akshara,random
t_ctrodtc,test,sohum,random
t_ck31bww,test,akshara,random
t_ebtt3fb,test,sohum,random
t_e9nh161,test,akshara,random
t_d9ylizi,test,sohum,random
t_ecxz507,test,akshara,random
t_f9f0bzj,test,sohum,random
t_cwaia3h,test,akshara,random
t_db1p03z,test,sohum,random
t_dafw8xr,test,akshara,random
t_cwdt2tz,test,sohum,random
t_ec6f6vi,test,akshara,random
t_e9d6f3m,test,sohum,random
t_ctmsswr,test,akshara,random
t_cvnq4mp,test,sohum,random
t_ckli382,test,akshara,random
t_cwv3z5p,test,sohum,random
t_cu1v0hd,test,akshara,random
t_clog1k5,test,sohum,random
t_cy6ay61,test,akshara,random
t_f9ypyas,test,sohum,random
t_ctpi4in,test,akshara,random
t_ecbfh7w,test,sohum,random
t_e9mchgm,test,akshara,random
t_ggujw2c,test,sohum,random
t_j0h08pc,test,akshara,random
t_cv7cb7u,test,sohum,random
t_ctyjzz4,test,akshara,random
t_daq7owi,test,sohum,random
t_dnmpya9,test,akshara,random
t_ecn6s0h,test,sohum,random
t_db0fuvc,test,akshara,random
t_dph05kt,test,sohum,random
t_cu0f2y1,test,akshara,random
t_dr24bg2,test,sohum,random
t_cm48io2,test,akshara,random
t_fcbc5mn,test,sohum,random
t_cvvcjgp,test,akshara,random
t_eb32b87,test,sohum,random
t_cvfmy5o,test,akshara,random
t_fbxk6hk,test,sohum,random
t_dqn8uyf,test,akshara,random
t_cvwk4qn,test,sohum,random
t_ghcd16j,test,akshara,random
t_dniedo8,test,sohum,random
t_cloed6x,test,akshara,random
t_ebosf85,test,sohum,random
t_cx59gcz,test,akshara,random
t_ean0msh,test,sohum,random
t_d9knxzy,test,akshara,random
t_howi28v,test,sohum,random
t_ecpwluc,test,akshara,random
t_dne9u7h,test,sohum,random
t_j1w2nmd,test,akshara,random
t_cwmyabi,test,sohum,random
t_ckdtlu3,test,akshara,random
t_dncm7wj,test,sohum,random
t_cmdmswk,test,akshara,random
t_e9c3fif,test,sohum,random
t_cflrjjg,test,akshara,random
t_cvx5vuf,test,sohum,random
t_drkzk8c,test,akshara,random
t_cxflo3v,test,sohum,random
t_dn14bzi,test,akshara,random
t_clqlldf,test,sohum,random
t_ggye5ts,test,akshara,random
t_cjfun93,test,sohum,random
t_ctyv27k,test,akshara,random
t_fbpnrkb,trainval,sohum,targeted
t_cmkj2hq,trainval,akshara,targeted
t_ctrb06c,trainval,sohum,random
t_cip31xn,trainval,akshara,random
t_eafr6g4,trainval,sohum,targeted
t_ckzqza2,trainval,akshara,targeted
t_ebnz7bz,trainval,sohum,random
t_drz1ixk,trainval,akshara,targeted
t_cghgqjy,trainval,sohum,targeted
t_do3q6ve,trainval,akshara,targeted
t_dqd4bpe,trainval,sohum,targeted
t_ecvv9u8,trainval,akshara,targeted
t_f9i4lge,trainval,sohum,targeted
t_ecls7cc,trainval,akshara,targeted
t_ghn48dw,trainval,sohum,targeted
t_dq4cjrt,trainval,akshara,random
t_f9nkxsk,trainval,sohum,targeted
t_cwwvr4n,trainval,akshara,targeted
t_cvblihz,trainval,sohum,targeted
t_cktrrpb,trainval,akshara,targeted
t_fbdm1j5,trainval,sohum,targeted
t_cwbpbmg,trainval,akshara,targeted
t_eauq34v,trainval,sohum,targeted
t_hoioga4,trainval,akshara,random
t_dmv3u1t,trainval,sohum,targeted
t_ec5oedz,trainval,akshara,targeted
t_ebs5g21,trainval,sohum,targeted
t_dmzn9mo,trainval,akshara,targeted
t_cxg3c9h,trainval,sohum,targeted
t_dai4ybt,trainval,akshara,targeted
t_eb9cypd,trainval,sohum,targeted
t_cy33gkq,trainval,akshara,targeted
t_dbp9x2j,trainval,sohum,targeted
t_cxpdo3t,trainval,akshara,targeted
t_dbeag14,trainval,sohum,targeted
t_chnd5po,trainval,akshara,targeted
t_fc9iv21,trainval,sohum,targeted
t_fca2mbd,trainval,akshara,random
t_cli8j6g,trainval,sohum,targeted
t_eaidgrt,trainval,akshara,targeted
t_cuicg6s,trainval,sohum,targeted
t_ggug8ji,trainval,akshara,targeted
t_cmqnm4o,trainval,sohum,random
t_cmt3zoo,trainval,akshara,random
t_domy5yc,trainval,sohum,targeted
t_fagalu9,trainval,akshara,targeted
t_cizdn8p,trainval,sohum,targeted
t_hp9aene,trainval,akshara,targeted
t_fb38v3x,trainval,sohum,targeted
t_cvsyruf,trainval,akshara,targeted
t_cm69eno,trainval,sohum,targeted
t_dbe35e0,trainval,akshara,targeted
t_dozqpt5,trainval,sohum,targeted
t_daujuvs,trainval,akshara,targeted
t_cvfnfpq,trainval,sohum,targeted
t_f933i93,trainval,akshara,targeted
t_ecwgw93,trainval,sohum,targeted
t_fadg7y0,trainval,akshara,random
t_dmr9zb7,trainval,sohum,targeted
t_d9g7it3,trainval,akshara,targeted
t_fana8oo,trainval,sohum,targeted
t_e9rx44w,trainval,akshara,targeted
t_eb8x2i2,trainval,sohum,targeted
t_clmf1vv,trainval,akshara,targeted
t_ci24kc1,trainval,sohum,targeted
t_cibleb1,trainval,akshara,targeted
t_dnu6xp4,trainval,sohum,targeted
t_cg5gli5,trainval,akshara,targeted
t_cfgovqj,trainval,sohum,random
t_dmzclx0,trainval,akshara,random
t_dbosmn9,trainval,sohum,targeted
t_cuwefdb,trainval,akshara,random
t_dpdme5w,trainval,sohum,targeted
t_dqe3xl8,trainval,akshara,targeted
t_cju6tw6,trainval,sohum,targeted
t_cwpk8d8,trainval,akshara,targeted
t_j0kig9p,trainval,sohum,targeted
t_dbtf6yw,trainval,akshara,targeted
t_drdd8vo,trainval,sohum,targeted
t_daapgns,trainval,akshara,targeted
t_dqnf8sn,trainval,sohum,targeted
t_cvbcldx,trainval,akshara,random
t_cven7t9,trainval,sohum,random
t_cv8y77r,trainval,akshara,random
t_cmyvqn5,trainval,sohum,targeted
t_ghgupu0,trainval,akshara,targeted
t_cjta6xh,trainval,sohum,targeted
t_dp994q0,trainval,akshara,targeted
t_e9ja5bc,trainval,sohum,targeted
t_j1qae75,trainval,akshara,targeted
t_d9p1fpl,trainval,sohum,targeted
t_cl1ux1e,trainval,akshara,targeted
t_dp2mwwk,trainval,sohum,targeted
t_chnjyag,trainval,akshara,targeted
t_cvnbh2v,trainval,sohum,targeted
t_cupi7d9,trainval,akshara,random
t_chitiob,trainval,sohum,targeted
t_cjkc3sw,trainval,akshara,random
t_dqfy4s2,trainval,sohum,targeted
t_cy3sa22,trainval,akshara,targeted
t_cvat486,trainval,sohum,targeted
t_dmxd8oi,trainval,akshara,targeted
t_dnuma29,trainval,sohum,random
t_cilwo2a,trainval,akshara,targeted
t_dpz8ugl,trainval,sohum,targeted
t_cx8m721,trainval,akshara,targeted
t_doirnfo,trainval,sohum,targeted
t_ecj2qnr,trainval,akshara,targeted
t_cxejkk9,trainval,sohum,random
t_cxt17e5,trainval,akshara,targeted
t_cwt6pc5,trainval,sohum,random
t_dpn89nk,trainval,akshara,targeted
t_cwz8rvd,trainval,sohum,targeted
t_cm65btk,trainval,akshara,targeted
t_dnh17m5,trainval,sohum,targeted
t_fasc27j,trainval,akshara,targeted
t_ebnzzrb,trainval,sohum,random
t_cmi36uk,trainval,akshara,targeted
t_cih3y0t,trainval,sohum,targeted
t_cj7ocwg,trainval,akshara,targeted
t_cxs8pso,trainval,sohum,targeted
t_izam2id,trainval,akshara,targeted
t_cuggawx,trainval,sohum,random
t_ci976l4,trainval,akshara,targeted
t_cyfzu5c,trainval,sohum,targeted
t_doyc691,trainval,akshara,targeted
t_cxfw5b6,trainval,sohum,targeted
t_cld2mwj,trainval,akshara,targeted
t_cgg98ya,trainval,sohum,random
t_cjr8omf,trainval,akshara,targeted
t_fafi40g,trainval,sohum,random
t_j0lb4iz,trainval,akshara,targeted
t_cm7glk7,trainval,sohum,targeted
t_ecxqeec,trainval,akshara,targeted
t_daogays,trainval,sohum,targeted
t_fa2k3lx,trainval,akshara,targeted
t_cjk54v3,trainval,sohum,targeted
t_cg7chig,trainval,akshara,targeted
t_cmc6313,trainval,sohum,targeted
t_dpj0489,trainval,akshara,random
t_dau44f6,trainval,sohum,random
t_ck1b4lm,trainval,akshara,targeted
t_cljkhpc,trainval,sohum,targeted
t_d9zgf7e,trainval,akshara,random
t_eamdjta,trainval,sohum,targeted
t_cxpl1vv,trainval,akshara,targeted
t_d9n48ie,trainval,sohum,targeted
t_dq2rm6m,trainval,akshara,targeted
t_dnr2do3,trainval,sohum,targeted
t_cn1v6om,trainval,akshara,targeted
t_cxuoomv,trainval,sohum,targeted
t_cu0kke3,trainval,akshara,targeted
t_cxwlrux,trainval,sohum,targeted
t_d9glgg4,trainval,akshara,targeted
t_ecx378w,trainval,sohum,targeted
t_cu1wf8o,trainval,akshara,targeted
t_e9xkftz,trainval,sohum,random
t_fb8vach,trainval,akshara,targeted
t_cibm0hl,trainval,sohum,random
t_ea71znk,trainval,akshara,targeted
t_cu6xg09,trainval,sohum,targeted
t_dnqdk6e,trainval,akshara,random
t_cxicoxk,trainval,sohum,random
t_ghmetph,trainval,akshara,random
t_dotntao,trainval,sohum,targeted
t_ch3zehr,trainval,akshara,random
t_fb8h5bi,trainval,sohum,targeted
t_doa6jjb,trainval,akshara,targeted
t_f9ye1tm,trainval,sohum,random
t_dalmho9,trainval,akshara,targeted
t_cik958o,trainval,sohum,targeted
t_fb26r34,trainval,akshara,targeted
t_dn1hgul,trainval,sohum,targeted
t_cmdc3i3,trainval,akshara,targeted
t_cvelwb2,trainval,sohum,random
t_fcae9cj,trainval,akshara,targeted
t_cfgia5s,trainval,sohum,targeted
t_cwfzx8r,trainval,akshara,targeted
t_cu1yjpt,trainval,sohum,targeted
t_fcna8cy,trainval,akshara,targeted
t_dq7erzm,trainval,sohum,random
t_ec0ul8q,trainval,akshara,targeted
t_drwdqi4,trainval,sohum,targeted
t_cvel776,trainval,akshara,targeted
t_cu8e7cq,trainval,sohum,random
t_cljakf2,trainval,akshara,targeted
t_dn4w5tj,trainval,sohum,random
t_dngtts9,trainval,akshara,targeted
t_dbatmfm,trainval,sohum,random
t_eakc2of,trainval,akshara,targeted
t_darw6cb,trainval,sohum,targeted
t_cwtwafb,trainval,akshara,targeted
t_dojlmcm,trainval,sohum,targeted
t_dp04jec,trainval,akshara,random
t_cuzg28u,trainval,sohum,targeted
t_dptdq77,trainval,akshara,targeted
t_dabu9fo,trainval,sohum,random
t_cv5ewj3,trainval,akshara,targeted
t_dmxrqk1,trainval,sohum,targeted
t_cxsczn8,trainval,akshara,targeted
t_darg0wi,trainval,sohum,targeted
t_cmb6fjd,trainval,akshara,random
t_dq1rg9w,trainval,sohum,targeted
t_dqjp51y,trainval,akshara,targeted
t_chmnii8,trainval,sohum,random
t_fadrli3,trainval,akshara,targeted
t_fc7q4jj,trainval,sohum,targeted
t_da12sfo,trainval,akshara,targeted
t_ghegipd,trainval,sohum,targeted
t_dpqkrr9,trainval,akshara,targeted
t_eaeeyfu,trainval,sohum,targeted
t_dq4uzzq,trainval,akshara,targeted
t_drnv2ds,trainval,sohum,targeted
t_cvtpjb2,trainval,akshara,targeted
t_drmuyyq,trainval,sohum,targeted
t_ecevv9a,trainval,akshara,targeted
t_cxhfa61,trainval,sohum,targeted
t_e9zmd5b,trainval,akshara,targeted
t_ebrrvci,trainval,sohum,random
t_clmmc2b,trainval,akshara,targeted
t_j1mb3mh,trainval,sohum,targeted
t_ec3lwlc,trainval,akshara,targeted
t_dak8azx,trainval,sohum,targeted
t_dna6trg,trainval,akshara,targeted
t_cvv41zr,trainval,sohum,targeted
t_d9y0q9v,trainval,akshara,random
t_cgskr2u,trainval,sohum,targeted
t_cwofkx8,trainval,akshara,targeted
t_cw001xw,trainval,sohum,targeted
t_da3iup6,trainval,akshara,targeted
t_fbsy8ga,trainval,sohum,random
t_cmdjygx,trainval,akshara,targeted
t_j22np8o,trainval,sohum,random
t_dnxe08d,trainval,akshara,targeted
t_ecbxpw2,trainval,sohum,random
t_ctmqegq,trainval,akshara,targeted
t_j0v038r,trainval,sohum,targeted
t_dbt7rya,trainval,akshara,targeted
t_fbm3sps,trainval,sohum,targeted
t_ctppls0,trainval,akshara,random
t_j28cot7,trainval,sohum,targeted
t_chlh4k2,trainval,akshara,targeted
t_e9nco5b,trainval,sohum,targeted
t_ci8e330,trainval,akshara,random
t_cjuuqy6,trainval,sohum,random
t_dba1k64,trainval,akshara,targeted
t_cmgoqha,trainval,sohum,targeted
t_cjf0bhq,trainval,akshara,targeted
t_cwcs4wr,trainval,sohum,targeted
t_dprqct3,trainval,akshara,targeted
t_eadkd8p,trainval,sohum,random
t_dalat30,trainval,akshara,targeted
t_fbaxls0,trainval,sohum,targeted
t_ec57cb2,trainval,akshara,targeted
t_ckhzblu,trainval,sohum,targeted
t_dqdyedv,trainval,akshara,targeted
t_ck9p18i,trainval,sohum,random
t_dq8xwlq,trainval,akshara,random
t_fchoy7h,trainval,sohum,targeted
t_d9ztsgt,trainval,akshara,targeted
t_eb5yeiz,trainval,sohum,targeted
t_da7hgxw,trainval,akshara,targeted
t_ckoplq5,trainval,sohum,targeted
t_dbj05fs,trainval,akshara,targeted
t_fb19ani,trainval,sohum,targeted
t_cwjf3ad,trainval,akshara,targeted
t_ch8xd72,trainval,sohum,targeted
t_dpkkido,trainval,akshara,targeted
t_eb9fkii,trainval,sohum,targeted
t_izhnxlm,trainval,akshara,targeted
t_f9c3nfd,trainval,sohum,targeted
t_cw8mk5u,trainval,akshara,targeted
t_j1cc0tt,trainval,sohum,targeted
t_iz4r6de,trainval,akshara,targeted
t_j0o761g,trainval,sohum,targeted
t_fc9jrhw,trainval,akshara,random
t_cic1013,trainval,sohum,random
t_ecf5r6c,trainval,akshara,targeted
t_ckogswa,trainval,sohum,targeted
t_cfgddj1,trainval,akshara,targeted
t_dov8gyp,trainval,sohum,targeted
t_dmqo48p,trainval,akshara,targeted
t_clv2sl2,trainval,sohum,targeted
t_cgk7qgg,trainval,akshara,targeted
t_gh3ck00,trainval,sohum,random
t_dpyqg67,trainval,akshara,targeted
t_fbido8i,trainval,sohum,targeted
t_drnrjsr,trainval,akshara,targeted
t_dp23efg,trainval,sohum,targeted
t_clywtvd,trainval,akshara,targeted
t_ctyeglc,trainval,sohum,targeted
t_ciku20p,trainval,akshara,targeted
t_dnturjd,trainval,sohum,targeted
t_f9iuubf,trainval,akshara,targeted
t_e9sm2v0,trainval,sohum,targeted
t_f9hs7i9,trainval,akshara,targeted
t_cvs3vkg,trainval,sohum,targeted
t_ch8ycoj,trainval,akshara,targeted
t_ctyjxtm,trainval,sohum,targeted
t_cuqgaz2,trainval,akshara,targeted
t_dp2owh6,trainval,sohum,targeted
t_cwzdrj0,trainval,akshara,targeted
t_chw12aq,trainval,sohum,targeted
t_dpunpus,trainval,akshara,targeted
t_dovx60u,trainval,sohum,targeted
t_cw0kqs0,trainval,akshara,targeted
t_iz8rejr,trainval,sohum,targeted
t_darhd6a,trainval,akshara,targeted
t_daeiq24,trainval,sohum,random
t_cfwwha9,trainval,akshara,targeted
t_drxfblz,trainval,sohum,random
t_fa9hbez,trainval,akshara,random
t_ebc7bci,trainval,sohum,random
t_d9ui3g3,trainval,akshara,targeted
t_ecke78y,trainval,sohum,targeted
t_dnbyh2b,trainval,akshara,random
t_dbn6sjg,trainval,sohum,targeted
t_dbd6zac,trainval,akshara,targeted
t_dr37eqr,trainval,sohum,targeted
t_dqhpf04,trainval,akshara,targeted
t_dr43pzx,trainval,sohum,random
t_drdgqmx,trainval,akshara,targeted
t_fcgdzix,trainval,sohum,targeted
t_dqc64zy,trainval,akshara,targeted
t_cff2mfa,trainval,sohum,targeted
t_dbl3mtb,trainval,akshara,targeted
t_do5k2ft,trainval,sohum,targeted
t_fbsz7nw,trainval,akshara,targeted
t_drp1egm,trainval,sohum,targeted
t_fbabvqa,trainval,akshara,targeted
t_dbopogi,trainval,sohum,targeted
t_dn8fsul,trainval,akshara,random
t_dom51jv,trainval,sohum,targeted
t_fbi5r98,trainval,akshara,targeted
t_dbqtipf,trainval,sohum,targeted
t_ec3tx3d,trainval,akshara,targeted
t_dr0l3sn,trainval,sohum,random
t_hqcbpma,trainval,akshara,random
t_dpzbahf,trainval,sohum,targeted
t_cu1uc68,trainval,akshara,targeted
t_cko5x9g,trainval,sohum,targeted
t_j08e7hs,trainval,akshara,targeted
t_cvnxrjo,trainval,sohum,targeted
t_dnsa9ut,trainval,akshara,targeted
t_dqonl3e,trainval,sohum,targeted
t_dad7bj2,trainval,akshara,targeted
t_cwlhlgu,trainval,sohum,targeted
t_cnabgup,trainval,akshara,random
t_dp95bg5,trainval,sohum,targeted
t_dqc75nr,trainval,akshara,targeted
t_ci0tm4x,trainval,sohum,targeted
t_e9eulyf,trainval,akshara,targeted
t_cmjmj1o,trainval,sohum,targeted
t_cw75au5,trainval,akshara,targeted
t_cjkwef4,trainval,sohum,targeted
t_ctlrt5s,trainval,akshara,targeted
t_cv2ndbz,trainval,sohum,targeted
t_cxazlbq,trainval,akshara,targeted
t_dayf6py,trainval,sohum,targeted
t_izdfjvv,trainval,akshara,targeted
t_cwcjt66,trainval,sohum,targeted
t_hp8zxe2,trainval,akshara,targeted
t_dn3q849,trainval,sohum,targeted
t_eapbscq,trainval,akshara,targeted
t_f9ezuj7,trainval,sohum,targeted
t_dpdyvoo,trainval,akshara,targeted
t_ckd4j8m,trainval,sohum,targeted
t_dqh5q7g,trainval,akshara,random
t_chctfrx,trainval,sohum,targeted
t_cu3pd4q,trainval,akshara,random
t_d9vjacf,trainval,sohum,targeted
t_j20r1b2,trainval,akshara,targeted
t_cmxhubc,trainval,sohum,targeted
t_cw0isbc,trainval,akshara,targeted
t_dpzmscv,trainval,sohum,targeted
t_d9lbfcv,trainval,akshara,random
t_fbewrh2,trainval,sohum,targeted
t_ec31oro,trainval,akshara,targeted
t_ck4qisu,trainval,sohum,random
t_cix5xfh,trainval,akshara,targeted
t_cuutr9w,trainval,sohum,random
t_dan1w4r,trainval,akshara,targeted
t_dnr5ozz,trainval,sohum,random
t_cwqydze,trainval,akshara,targeted
t_cu4vf3i,trainval,sohum,targeted
t_drtluz3,trainval,akshara,targeted
t_ch22hhm,trainval,sohum,random
t_ckxqewf,trainval,akshara,random
t_cllceq1,trainval,sohum,targeted
t_e9jgf8q,trainval,akshara,targeted
t_cu382rb,trainval,sohum,random
t_cmj04pc,trainval,akshara,random
t_dr365fo,trainval,sohum,targeted
t_fauq1p9,trainval,akshara,targeted
t_cn28c7p,trainval,sohum,targeted
t_cuacgpy,trainval,akshara,targeted
t_cmcdrww,trainval,sohum,targeted
t_cmit34w,trainval,akshara,targeted
t_cidgayt,trainval,sohum,targeted
t_j22nfdx,trainval,akshara,targeted
t_cv37wnv,trainval,sohum,targeted
t_dr0geux,trainval,akshara,random
t_eaign08,trainval,sohum,targeted
t_cutdv5l,trainval,akshara,random
t_fbxrs3c,trainval,sohum,random
t_cmpucx8,trainval,akshara,targeted
t_dq3sfe5,trainval,sohum,targeted
t_eb9jgbt,trainval,akshara,targeted
t_cuu0tcn,trainval,sohum,targeted
t_cmjmrsz,trainval,akshara,targeted
t_d9g157t,trainval,sohum,random
t_cks34x3,trainval,akshara,targeted
t_cvfr1ty,trainval,sohum,targeted
t_ggw03fc,trainval,akshara,targeted
t_doratfl,trainval,sohum,random
t_chjz4qo,trainval,akshara,targeted
t_ecwdr32,trainval,sohum,targeted
t_ctpb2mo,trainval,akshara,targeted
t_dbpv43b,trainval,sohum,targeted
t_cmmy0b3,trainval,akshara,targeted
t_fatz4st,trainval,sohum,targeted
t_dqch28f,trainval,akshara,targeted
t_dongsb3,trainval,sohum,targeted
t_dnjdevz,trainval,akshara,targeted
t_cfmd943,trainval,sohum,targeted
t_cybbjzl,trainval,akshara,targeted
t_datfm18,trainval,sohum,targeted
t_ghjn24h,trainval,akshara,targeted
t_drg6n2w,trainval,sohum,random
t_db2fzwt,trainval,akshara,targeted
t_cgo9cpu,trainval,sohum,targeted
t_e9ya7v2,trainval,akshara,targeted
t_dqcs5yu,trainval,sohum,targeted
t_e9grscj,trainval,akshara,targeted
t_cgccfzw,trainval,sohum,targeted
t_dr2sfoo,trainval,akshara,targeted
t_do61r53,trainval,sohum,targeted
t_ci7771k,trainval,akshara,targeted
t_dp5rek8,trainval,sohum,targeted
t_eaziswp,trainval,akshara,targeted
t_chys5jc,trainval,sohum,targeted
t_ecm8eh7,trainval,akshara,targeted
t_cxy9y12,trainval,sohum,targeted
t_cumpffq,trainval,akshara,targeted
t_ggvoonw,trainval,sohum,targeted
t_dblh36n,trainval,akshara,targeted
t_ci563p9,trainval,sohum,targeted
t_eamlac4,trainval,akshara,random
t_dbgfs9e,trainval,sohum,targeted
t_ebhb7we,trainval,akshara,targeted
t_cwxjatg,trainval,sohum,targeted
t_ec8ckas,trainval,akshara,random
t_ck5flqq,trainval,sohum,targeted
t_dq03plv,trainval,akshara,random
t_eawolhv,trainval,sohum,targeted
t_cgrbmey,trainval,akshara,targeted
t_cuc112e,trainval,sohum,targeted
t_cmdgr09,trainval,akshara,targeted
t_dn87us7,trainval,sohum,targeted
t_dq3udb3,trainval,akshara,targeted
t_cwrxu2n,trainval,sohum,targeted
t_ea6it35,trainval,akshara,targeted
t_j10n1wy,trainval,sohum,targeted
t_ckf44s5,trainval,akshara,random
t_cu3gozj,trainval,sohum,targeted
t_cmasfxf,trainval,akshara,random
t_cw9lop5,trainval,sohum,targeted
t_dmvs8ub,trainval,akshara,targeted
t_dpcdkqf,trainval,sohum,targeted
t_cv0jtlq,trainval,akshara,targeted
t_dqnlj7f,trainval,sohum,targeted
t_dbhrhvc,trainval,akshara,random
t_dabnsdt,trainval,sohum,targeted
t_cwd803t,trainval,akshara,targeted
t_donh9jk,trainval,sohum,targeted
t_eajfp0f,trainval,akshara,targeted
t_dpslurm,trainval,sohum,targeted
t_dr2hbi1,trainval,akshara,targeted
t_dppwwg7,trainval,sohum,targeted
t_db3ogu9,trainval,akshara,targeted
t_hpxqcb5,trainval,sohum,targeted
t_db63ddm,trainval,akshara,targeted
t_ebuha52,trainval,sohum,targeted
t_cttl1to,trainval,akshara,targeted
t_cv4pl85,trainval,sohum,targeted
t_chr4k1r,trainval,akshara,targeted
t_cmbq3qe,trainval,sohum,targeted
t_ea4z4pq,trainval,akshara,targeted
t_cwumkve,trainval,sohum,targeted
t_chewbh2,trainval,akshara,targeted
t_eacdvih,trainval,sohum,targeted
t_cmmdus0,trainval,akshara,targeted
t_dq511va,trainval,sohum,targeted
t_drmsl5a,trainval,akshara,targeted
t_dotdjcu,trainval,sohum,targeted
t_da2qqn9,trainval,akshara,targeted
t_ci8d6wa,trainval,sohum,targeted
t_fb0jfb4,trainval,akshara,targeted
t_drnl7gk,trainval,sohum,targeted
t_cn50r6y,trainval,akshara,targeted
t_dq786yq,trainval,sohum,targeted
t_cwdcvc9,trainval,akshara,random
t_cvcqqt0,trainval,sohum,targeted
t_cx1roe2,trainval,akshara,random
t_fcjsd4l,trainval,sohum,targeted
t_chjhibc,trainval,akshara,targeted
t_ctzanj2,trainval,sohum,targeted
t_chcjie4,trainval,akshara,targeted
t_ciru7lw,trainval,sohum,targeted
t_fcma6po,trainval,akshara,targeted
t_ecyg76l,trainval,sohum,random
t_chm9xa3,trainval,akshara,random
t_cx9za6q,trainval,sohum,random
t_dauigwr,trainval,akshara,targeted
t_cuusqie,trainval,sohum,targeted
t_ctoihyf,trainval,akshara,targeted
t_eax4yi6,trainval,sohum,targeted
t_j1q55bb,trainval,akshara,targeted
t_fcjcpkf,trainval,sohum,targeted
t_d9vhn2s,trainval,akshara,targeted
t_drpv07o,trainval,sohum,targeted
t_cfmey42,trainval,akshara,targeted
t_ctt4r7n,trainval,sohum,targeted
t_fc2inor,trainval,akshara,random
t_cm1c9lh,trainval,sohum,targeted
t_eanr9m8,trainval,akshara,targeted
t_ea0suha,trainval,sohum,targeted
t_dbaw93c,trainval,akshara,targeted
t_eahcn7k,trainval,sohum,targeted
t_f93cexy,trainval,akshara,targeted
t_cm3iol3,trainval,sohum,targeted
t_dpyaovl,trainval,akshara,targeted
t_cuvipjp,trainval,sohum,targeted
t_cwjo5o9,trainval,akshara,targeted
t_daq7792,trainval,sohum,targeted
t_cxbqyej,trainval,akshara,random
t_dr2n8uc,trainval,sohum,targeted
t_dragd8n,trainval,akshara,random
t_cwy8z9u,trainval,sohum,random
t_ecbolsd,trainval,akshara,targeted
t_j0at2di,trainval,sohum,targeted
t_fa128zs,trainval,akshara,targeted
t_ec4px5n,trainval,sohum,random
t_cwlvz1n,trainval,akshara,random
